{
    "entity_id": 12,
    "component_mask": 49683,
    "Body": {
        "value0": 0.0,
        "value1": {
            "value0": 232.49717712402345,
            "value1": 576.053466796875
        },
        "value2": {
            "value0": 0.0,
            "value1": 0.0
        },
        "value3": {
            "value0": 0.0,
            "value1": 1.0
        },
        "value4": {
            "value0": -1.0,
            "value1": 0.0
        },
        "value5": false
    },
    "Circle": {
        "value0": 237.17015075683595
    },
    "Render": {
        "value0": {
            "value0": 0,
            "value1": 121,
            "value2": 241,
            "value3": 255
        }
    },
    "ColliderObjectFlag": {
        "value0": 0
    },
    "Screen": {
        "value0": 0,
        "value1": {
            "value0": 0.0,
            "value1": 0.0
        }
    },
    "LevelId": {
        "value0": 1
    },
    "entity_id": 13,
    "component_mask": 50449,
    "Body": {
        "value0": 0.0,
        "value1": {
            "value0": 237.49649047851563,
            "value1": 572.4976196289063
        },
        "value2": {
            "value0": 0.0,
            "value1": 0.0
        },
        "value3": {
            "value0": 0.0,
            "value1": 1.0
        },
        "value4": {
            "value0": -1.0,
            "value1": 0.0
        },
        "value5": false
    },
    "Render": {
        "value0": {
            "value0": 0,
            "value1": 121,
            "value2": 241,
            "value3": 255
        }
    },
    "CircularGravityField": {
        "value0": 450.0,
        "value1": 900.0,
        "value2": {
            "value0": 1469.999755859375,
            "value1": 517.4998779296875
        },
        "value3": {
            "value0": 0.0,
            "value1": 0.0
        }
    },
    "GravFieldFlag": {
        "value0": 0
    },
    "Screen": {
        "value0": 0,
        "value1": {
            "value0": 0.0,
            "value1": 0.0
        }
    },
    "LevelId": {
        "value0": 1
    },
    "entity_id": 14,
    "component_mask": 50449,
    "Body": {
        "value0": 0.0,
        "value1": {
            "value0": 1349.999755859375,
            "value1": 157.4998779296875
        },
        "value2": {
            "value0": 0.0,
            "value1": 0.0
        },
        "value3": {
            "value0": 0.0,
            "value1": 1.0
        },
        "value4": {
            "value0": -1.0,
            "value1": 0.0
        },
        "value5": false
    },
    "Render": {
        "value0": {
            "value0": 0,
            "value1": 121,
            "value2": 241,
            "value3": 255
        }
    },
    "CircularGravityField": {
        "value0": 450.0,
        "value1": 900.0,
        "value2": {
            "value0": 1349.999755859375,
            "value1": 157.4998779296875
        },
        "value3": {
            "value0": 0.0,
            "value1": 0.0
        }
    },
    "GravFieldFlag": {
        "value0": 0
    },
    "Screen": {
        "value0": 0,
        "value1": {
            "value0": 0.0,
            "value1": 0.0
        }
    },
    "LevelId": {
        "value0": 1
    },
    "entity_id": 15,
    "component_mask": 49683,
    "Body": {
        "value0": 0.0,
        "value1": {
            "value0": 1349.999755859375,
            "value1": 157.4998779296875
        },
        "value2": {
            "value0": 0.0,
            "value1": 0.0
        },
        "value3": {
            "value0": 0.0,
            "value1": 1.0
        },
        "value4": {
            "value0": -1.0,
            "value1": 0.0
        },
        "value5": false
    },
    "Circle": {
        "value0": 200.0
    },
    "Render": {
        "value0": {
            "value0": 0,
            "value1": 121,
            "value2": 241,
            "value3": 255
        }
    },
    "ColliderObjectFlag": {
        "value0": 0
    },
    "Screen": {
        "value0": 0,
        "value1": {
            "value0": 0.0,
            "value1": 0.0
        }
    },
    "LevelId": {
        "value0": 1
    },
    "entity_id": 16,
    "component_mask": 49683,
    "Body": {
        "value0": 0.0,
        "value1": {
            "value0": 1178.0953369140626,
            "value1": 664.323486328125
        },
        "value2": {
            "value0": 0.0,
            "value1": 0.0
        },
        "value3": {
            "value0": 0.0,
            "value1": 1.0
        },
        "value4": {
            "value0": -1.0,
            "value1": 0.0
        },
        "value5": false
    },
    "Circle": {
        "value0": 40.0
    },
    "Render": {
        "value0": {
            "value0": 0,
            "value1": 121,
            "value2": 241,
            "value3": 255
        }
    },
    "ColliderObjectFlag": {
        "value0": 0
    },
    "Screen": {
        "value0": 0,
        "value1": {
            "value0": 0.0,
            "value1": 0.0
        }
    },
    "LevelId": {
        "value0": 1
    },
    "entity_id": 17,
    "component_mask": 50449,
    "Body": {
        "value0": 0.0,
        "value1": {
            "value0": 2352.499755859375,
            "value1": 512.4998779296875
        },
        "value2": {
            "value0": 0.0,
            "value1": 0.0
        },
        "value3": {
            "value0": 0.0,
            "value1": 1.0
        },
        "value4": {
            "value0": -1.0,
            "value1": 0.0
        },
        "value5": false
    },
    "Render": {
        "value0": {
            "value0": 0,
            "value1": 121,
            "value2": 241,
            "value3": 255
        }
    },
    "CircularGravityField": {
        "value0": 97.49974822998047,
        "value1": 900.0,
        "value2": {
            "value0": 2352.499755859375,
            "value1": 512.4998779296875
        },
        "value3": {
            "value0": 0.0,
            "value1": 0.0
        }
    },
    "GravFieldFlag": {
        "value0": 0
    },
    "Screen": {
        "value0": 0,
        "value1": {
            "value0": 0.0,
            "value1": 0.0
        }
    },
    "LevelId": {
        "value0": 1
    },
    "entity_id": 18,
    "component_mask": 49683,
    "Body": {
        "value0": 0.0,
        "value1": {
            "value0": 2352.499755859375,
            "value1": 512.4998779296875
        },
        "value2": {
            "value0": 0.0,
            "value1": 0.0
        },
        "value3": {
            "value0": 0.0,
            "value1": 1.0
        },
        "value4": {
            "value0": -1.0,
            "value1": 0.0
        },
        "value5": false
    },
    "Circle": {
        "value0": 40.0
    },
    "Render": {
        "value0": {
            "value0": 0,
            "value1": 121,
            "value2": 241,
            "value3": 255
        }
    },
    "ColliderObjectFlag": {
        "value0": 0
    },
    "Screen": {
        "value0": 0,
        "value1": {
            "value0": 0.0,
            "value1": 0.0
        }
    },
    "LevelId": {
        "value0": 1
    },
    "entity_id": 19,
    "component_mask": 49683,
    "Body": {
        "value0": 0.0,
        "value1": {
            "value0": 2879.99951171875,
            "value1": 394.9998779296875
        },
        "value2": {
            "value0": 0.0,
            "value1": 0.0
        },
        "value3": {
            "value0": 0.0,
            "value1": 1.0
        },
        "value4": {
            "value0": -1.0,
            "value1": 0.0
        },
        "value5": false
    },
    "Circle": {
        "value0": 44.999515533447269
    },
    "Render": {
        "value0": {
            "value0": 0,
            "value1": 121,
            "value2": 241,
            "value3": 255
        }
    },
    "ColliderObjectFlag": {
        "value0": 0
    },
    "Screen": {
        "value0": 0,
        "value1": {
            "value0": 0.0,
            "value1": 0.0
        }
    },